create schema if not exists countries;
use countries;
create table countries.countries(
country_id int,
name varchar(255),
nationality varchar(255),
country_code varchar(3),
iso_alpha2 varchar(2),capital varchar(255),
population int,
area_km2 int,
region_id int,
sub_region_id int
);
insert into countries.countries(country_id,name,nationality,country_code,
iso_alpha2,capital,population,area_km2,region_id,sub_region_id)
values
(1, 'Afghanistan', 'Afghan', 'AFG', 'AF', 'Kabul', 38041754, 652230, 30, 30),
(2, 'Albania', 'Albanian', 'ALB', 'AL', 'Tirana', 2880917, 28748, 20, 70),
(3, 'Algeria', 'Algerian', 'DZA', 'DZ', 'Algiers', 43053054, 2381741, 50, 40),
(4, 'American Samoa', 'American Samoan', 'ASM', 'AS', 'Pago Pago', 55312, 199, 40, 20),
(5, 'Andorra', 'Andorran', 'AND', 'AD', 'Andorra la Vella', 77142, 468, 20, 70),
(6, 'Angola', 'Angolan', 'AGO', 'AO', 'Luanda', 31825295, 1246700, 50, 160),
(7, 'Anguilla', 'Anguillan', 'AIA', 'AI', 'The Valley', 14869, 91, 10, 10),
(8, 'Antarctica', 'Antarctic', 'ATA', 'AQ', 'McMurdo Station', 1106, 14200000, 40, NULL),
(9, 'Antigua and Barbuda', 'Antiguan or Barbudan', 'ATG', 'AG', "St. John's", 97118, 442, 10, 10),
(10, 'Argentina', 'Argentine', 'ARG', 'AR', 'Buenos Aires', 44780677, 2780400, 10, 10),
(11, 'Armenia', 'Armenian', 'ARM', 'AM', 'Yerevan', 2957731, 29743, 30, 170),
(12, 'Aruba', 'Aruban', 'ABW', 'AW', 'Oranjestad', 106314, 180, 10, 10),
(13, 'Australia', 'Australian', 'AUS', 'AU', 'Canberra', 25203198, 7692024, 40, 90),
(14, 'Austria', 'Austrian', 'AUT', 'AT', 'Vienna', 8955102, 83871, 20, 150),
(15, 'Azerbaijan', 'Azerbaijani', 'AZE', 'AZ', 'Baku', 10047718, 86600, 30, 170),
(16, 'Bahamas', 'Bahamian', 'BHS', 'BS', 'Nassau', 389482, 13943, 10, 10),
(17, 'Bahrain', 'Bahraini', 'BHR', 'BH', 'Manama', 1641172, 765, 30, 170),
(18, 'Bangladesh', 'Bangladeshi', 'BGD', 'BD', 'Dhaka', 163046161, 147570, 30, 30),
(19, 'Barbados', 'Barbadian', 'BRB', 'BB', 'Bridgetown', 287025, 430, 10, 10),
(20, 'Belarus', 'Belarusian', 'BLR', 'BY', 'Minsk', 9452411, 207600, 20, 140),
(21, 'Belgium', 'Belgian', 'BEL', 'BE', 'Brussels', 11539328, 30528, 20, 150),
(22, 'Belize', 'Belizean', 'BLZ', 'BZ', 'Belmopan', 390353, 22966, 10, 10),
(23, 'Benin', 'Beninese', 'BEN', 'BJ', 'Porto-Novo', 11801151, 112622, 50, 160),
(24, 'Bermuda', 'Bermudian', 'BMU', 'BM', 'Hamilton', 62506, 54, 10, 80),
(25, 'Bhutan', 'Bhutanese', 'BTN', 'BT', 'Thimphu', 763092, 38394, 30, 30),
(26, 'Bolivia (Plurinational State of)', 'Bolivian', 'BOL', 'BO', 'Sucre', 11513100, 1098581, 10, 10),
(27, 'Bonaire, Sint Eustatius and Saba', 'Sint Eustatius and Saba', 'BES', 'BQ', 'Kralendijk', 25711, 328, 10, 10),
(28, 'Bosnia and Herzegovina', 'Bosnian or Herzegovinian', 'BIH', 'BA', 'Sarajevo', 3301000, 51209, 20, 70),
(29, 'Botswana', 'Motswana', 'BWA', 'BW', 'Gaborone', 2303697, 582000, 50, 160),
(30, 'Bouvet Island', 'Bouvet Island', 'BVT', 'BV', '', 0, 49, 10, 10),
(31, 'Brazil', 'Brazilian', 'BRA', 'BR', 'BrasÌlia', 211049527, 8515767, 10, 10),
(32, 'British Indian Ocean Territory', 'BIOT', 'IOT', 'IO', 'Point Marianne', 4000, 60, 50, 160),
(33, 'Brunei Darussalam', 'Bruneian', 'BRN', 'BN', 'Bandar Seri Begawan', 433285, 5765, 30, 100),
(34, 'Bulgaria', 'Bulgarian', 'BGR', 'BG', 'Sofia', 7000119, 110879, 20, 140),
(35, 'Burkina Faso', 'BurkinabÈ', 'BFA', 'BF', 'Ouagadougou', 20321378, 272967, 50, 160),
(36, 'Burundi', 'Burundian', 'BDI', 'BI', 'Bujumbura', 11530580, 27834, 50, 160),
(37, 'Cabo Verde', 'Cabo Verdean', 'CPV', 'CV', 'Praia', 549935, 4033, 50, 160),
(38, 'Cambodia', 'Cambodian', 'KHM', 'KH', 'Phnom Penh', 16486542, 181035, 30, 100),
(39, 'Cameroon', 'Cameroonian', 'CMR', 'CM', 'YaoundÈ', 25876380, 475442, 50, 160),
(40, 'Canada', 'Canadian', 'CAN', 'CA', 'Ottawa', 37411047, 9984670, 10, 80),
(41, 'Cayman Islands', 'Caymanian', 'CYM', 'KY', 'George Town', 64948, 264, 10, 10),
(42, 'Central African Republic', 'Central African', 'CAF', 'CF', 'Bangui', 4745185, 622984, 50, 160),
(43, 'Chad', 'Chadian', 'TCD', 'TD', "N'Djamena", 15946876, 1284000, 50, 160),
(44, 'Chile', 'Chilean', 'CHL', 'CL', 'Santiago', 18952038, 756102, 10, 10),
(45, 'China', 'Chinese', 'CHN', 'CN', 'Beijing', 1433783686, 9706961, 30, 60),
(46, 'Christmas Island', 'Christmas Island', 'CXR', 'CX', 'Flying Fish Cove', 1843, 135, 40, 90),
(47, 'Cocos (Keeling) Islands', 'Cocos Island', 'CCK', 'CC', 'West Island', 544, 14, 40, 90),
(48, 'Colombia', 'Colombian', 'COL', 'CO', 'Bogota', 50339443, 1141748, 10, 10),
(49, 'Comoros', 'Comoran', 'COM', 'KM', 'Moroni', 850886, 1862, 50, 160),
(50, 'Congo', 'Congolese', 'COG', 'CG', 'Brazzaville', 5380508, 342000, 50, 160),
(51, 'Congo, Democratic Republic of the', 'Congolese', 'COD', 'CD', 'Kinshasa', 86790567, 2344858, 50, 160),
(52, 'Cook Islands', 'Cook Island', 'COK', 'CK', 'Avarua', 17548, 236, 40, 20),
(53, 'Costa Rica', 'Costa Rican', 'CRI', 'CR', 'San JosÈ', 5047561, 51100, 10, 10),
(54, 'Croatia', 'Croatian', 'HRV', 'HR', 'Zagreb', 4130304, 56594, 20, 70),
(55, 'Cuba', 'Cuban', 'CUB', 'CU', 'Havana', 11333483, 109884, 10, 10),
(56, 'CuraÁao', 'CuraÁaoan', 'CUW', 'CW', 'Willemstad', 163424, 444, 10, 10),
(57, 'Cyprus', 'Cypriot', 'CYP', 'CY', 'Nicosia', 1198575, 9251, 30, 170),
(58, 'Czechia', 'Czech', 'CZE', 'CZ', 'Prague', 10689209, 78865, 20, 140),
(59, "CÙte d'Ivoire", 'Ivorian', 'CIV', 'CI', 'Yamoussoukro', 25716544, 322463, 50, 160),
(60, 'Denmark', 'Danish', 'DNK', 'DK', 'Copenhagen', 5771876, 43094, 20, 120),
(61, 'Djibouti', 'Djiboutian', 'DJI', 'DJ', 'Djibouti', 973560, 23200, 50, 160),
(62, 'Dominica', 'Dominican', 'DMA', 'DM', 'Roseau', 71808, 751, 10, 10),
(63, 'Dominican Republic', 'Dominican', 'DOM', 'DO', 'Santo Domingo', 10738958, 48671, 10, 10),
(64, 'Ecuador', 'Ecuadorian', 'ECU', 'EC', 'Quito', 17373662, 276841, 10, 10),
(65, 'Egypt', 'Egyptian', 'EGY', 'EG', 'Cairo', 100388073, 1002450, 50, 40),
(66, 'El Salvador', 'Salvadoran', 'SLV', 'SV', 'San Salvador', 6453553, 21041, 10, 10),
(67, 'Equatorial Guinea', 'Equatorial Guinean', 'GNQ', 'GQ', 'Malabo', 1355986, 28051, 50, 160),
(68, 'Eritrea', 'Eritrean', 'ERI', 'ER', 'Asmara', 3497117, 117600, 50, 160),
(69, 'Estonia', 'Estonian', 'EST', 'EE', 'Tallinn', 1325648, 45227, 20, 120),
(70, 'Eswatini', 'Swazi', 'SWZ', 'SZ', 'Mbabane', 1148130, 17364, 50, 160),
(71, 'Ethiopia', 'Ethiopian', 'ETH', 'ET', 'Addis Ababa', 112078730, 1104300, 50, 160),
(72, 'Falkland Islands (Malvinas)', 'Falkland Island', 'FLK', 'FK', 'Stanley', 3377, 12173, 10, 10),
(73, 'Faroe Islands', 'Faroese', 'FRO', 'FO', 'TÛrshavn', 48678, 1393, 20, 120),
(74, 'Fiji', 'Fijian', 'FJI', 'FJ', 'Suva', 889953, 18272, 40, 130),
(75, 'Finland', 'Finnish', 'FIN', 'FI', 'Helsinki', 5532156, 338424, 20, 120),
(76, 'France', 'French', 'FRA', 'FR', 'Paris', 65129728, 551695, 20, 150),
(77, 'French Guiana', 'French Guianese', 'GUF', 'GF', 'Cayenne', 290832, 83534, 10, 10),
(78, 'French Polynesia', 'French Polynesian', 'PYF', 'PF', 'Papeete', 279287, 4167, 40, 20),
(79, 'French Southern Territories', 'French Southern Territories', 'ATF', 'TF', 'Saint Pierre', 150, 439780, 50, 160),
(80, 'Gabon', 'Gabonese', 'GAB', 'GA', 'Libreville', 2172579, 267668, 50, 160),
(81, 'Gambia', 'Gambian', 'GMB', 'GM', 'Banjul', 2347706, 10689, 50, 160),
(82, 'Georgia', 'Georgian', 'GEO', 'GE', 'Tbilisi', 3996765, 69700, 30, 170),
(83, 'Germany', 'German', 'DEU', 'DE', 'Berlin', 83517045, 357114, 20, 150),
(84, 'Ghana', 'Ghanaian', 'GHA', 'GH', 'Accra', 30417856, 238533, 50, 160),
(85, 'Gibraltar', 'Gibraltar', 'GIB', 'GI', 'Gibraltar', 33701, 6, 20, 70),
(86, 'Greece', 'Greek', 'GRC', 'GR', 'Athens', 10473455, 131990, 20, 70),
(87, 'Greenland', 'Greenlandic', 'GRL', 'GL', 'Nuuk', 56672, 2166086, 10, 80),
(88, 'Grenada', 'Grenadian', 'GRD', 'GD', "St. George's", 112003, 344, 10, 10),
(89, 'Guadeloupe', 'Guadeloupe', 'GLP', 'GP', 'Basse Terre', 400056, 1628, 10, 10),
(90, 'Guam', 'Guamanian', 'GUM', 'GU', 'HagÂtÒa', 167294, 549, 40, 50),
(91, 'Guatemala', 'Guatemalan', 'GTM', 'GT', 'Guatemala City', 17581472, 108889, 10, 10),
(92, 'Guernsey', 'Channel Island', 'GGY', 'GG', 'St. Peter Port', 63026, 65, 20, 120),
(93, 'Guinea', 'Guinean', 'GIN', 'GN', 'Conakry', 12771246, 245857, 50, 160),
(94, 'Guinea-Bissau', 'Bissau-Guinean', 'GNB', 'GW', 'Bissau', 1920922, 36125, 50, 160),
(95, 'Guyana', 'Guyanese', 'GUY', 'GY', 'Georgetown', 782766, 214969, 10, 10),
(96, 'Haiti', 'Haitian', 'HTI', 'HT', 'Port-au-Prince', 11263077, 27750, 10, 10),
(97, 'Heard Island and McDonald Islands', 'Heard Island or McDonald Islands', 'HMD', 'HM', 'NULL', 0, 368, 40, 90),
(98, 'Holy See', 'Vatican', 'VAT', 'VA', 'Vatican City', 799, 0.44, 20, 70),
(99, 'Honduras', 'Honduran', 'HND', 'HN', 'Tegucigalpa', 9746117, 112492, 10, 10),
(100, 'Hong Kong', 'Hong Kong', 'HKG', 'HK', 'City of Victoria', 7436154, 1104, 30, 60),
(101, 'Hungary', 'Hungarian', 'HUN', 'HU', 'Budapest', 9684679, 93028, 20, 140),
(102, 'Iceland', 'Icelandic', 'ISL', 'IS', 'ReykjavÌk', 339031, 103000, 20, 120),
(103, 'India', 'Indian', 'IND', 'IN', 'New Delhi', 1366417754, 3287590, 30, 30),
(104, 'Indonesia', 'Indonesian', 'IDN', 'ID', 'Jakarta', 270625568, 1904569, 30, 100),
(105, 'Iran (Islamic Republic of)', 'Iranian', 'IRN', 'IR', 'Tehran', 82913906, 1648195, 30, 30),
(106, 'Iraq', 'Iraqi', 'IRQ', 'IQ', 'Baghdad', 39309783, 438317, 30, 170),
(107, 'Ireland', 'Irish', 'IRL', 'IE', 'Dublin', 4882495, 70273, 20, 120),
(108, 'Isle of Man', 'Manx', 'IMN', 'IM', 'Douglas', 84584, 572, 20, 120),
(109, 'Israel', 'Israeli', 'ISR', 'IL', 'Jerusalem', 8519377, 20770, 30, 170),
(110, 'Italy', 'Italian', 'ITA', 'IT', 'Rome', 60550075, 301336, 20, 70),
(111, 'Jamaica', 'Jamaican', 'JAM', 'JM', 'Kingston', 2948279, 10991, 10, 10),
(112, 'Japan', 'Japanese', 'JPN', 'JP', 'Tokyo', 126860301, 377930, 30, 60),
(113, 'Jersey', 'Channel Island', 'JEY', 'JE', 'St. Helier', 100000, 120, 20, 120),
(114, 'Jordan', 'Jordanian', 'JOR', 'JO', 'Amman', 10101694, 89342, 30, 170),
(115, 'Kazakhstan', 'Kazakhstani', 'KAZ', 'KZ', 'Astana', 18551427, 2724900, 30, 110),
(116, 'Kenya', 'Kenyan', 'KEN', 'KE', 'Nairobi', 52573973, 580367, 50, 160),
(117, 'Kiribati', 'I-Kiribati', 'KIR', 'KI', 'Tarawa', 117606, 811, 40, 50),
(118, 'Kuwait', 'Kuwaiti', 'KWT', 'KW', 'Kuwait City', 4207083, 17818, 30, 170),
(119, 'Kyrgyzstan', 'Kyrgyzstani', 'KGZ', 'KG', 'Bishkek', 6415850, 199951, 30, 110),
(120, "Laos, People's Democratic Republic", 'Lao', 'LAO', 'LA', 'Vientiane', 7169455, 236800, 30, 100),
(121, 'Latvia', 'Latvian', 'LVA', 'LV', 'Riga', 1906743, 64559, 20, 120),
(122, 'Lebanon', 'Lebanese', 'LBN', 'LB', 'Beirut', 6855713, 10452, 30, 170),
(123, 'Lesotho', 'Basotho', 'LSO', 'LS', 'Maseru', 2125268, 30355, 50, 160),
(124, 'Liberia', 'Liberian', 'LBR', 'LR', 'Monrovia', 4937374, 111369, 50, 160),
(125, 'Libya', 'Libyan', 'LBY', 'LY', 'Tripoli', 6777452, 1759540, 50, 40),
(126, 'Liechtenstein', 'Liechtenstein', 'LIE', 'LI', 'Vaduz', 38019, 160, 20, 150),
(127, 'Lithuania', 'Lithuanian', 'LTU', 'LT', 'Vilnius', 2759627, 65300, 20, 120),
(128, 'Luxembourg', 'Luxembourg', 'LUX', 'LU', 'Luxembourg', 615729, 2586, 20, 150),
(129, 'Macau', 'Macanese', 'MAC', 'MO', 'Macao', 640445, 30, 30, 60),
(130, 'Madagascar', 'Malagasy', 'MDG', 'MG', 'Antananarivo', 26969307, 587041, 50, 160),
(131, 'Malawi', 'Malawian', 'MWI', 'MW', 'Lilongwe', 18628747, 118484, 50, 160),
(132, 'Malaysia', 'Malaysian', 'MYS', 'MY', 'Kuala Lumpur', 31949777, 330803, 30, 100),
(133, 'Maldives', 'Maldivian', 'MDV', 'MV', 'MalÈ', 530953, 300, 30, 30),
(134, 'Mali', 'Malian', 'MLI', 'ML', 'Bamako', 19658031, 1240192, 50, 160),
(135, 'Malta', 'Maltese', 'MLT', 'MT', 'Valletta', 440372, 316, 20, 70),
(136, 'Marshall Islands', 'Marshallese', 'MHL', 'MH', 'Majuro', 58791, 181, 40, 50),
(137, 'Martinique', 'Martiniquais', 'MTQ', 'MQ', 'Fort-de-France Bay', 375554, 1128, 10, 10),
(138, 'Mauritania', 'Mauritanian', 'MRT', 'MR', 'Nouakchott', 4525696, 1030700, 50, 160),
(139, 'Mauritius', 'Mauritian', 'MUS', 'MU', 'Port Louis', 1269668, 2040, 50, 160),
(140, 'Mayotte', 'Mahoran', 'MYT', 'YT', 'Mamoudzou', 266150, 374, 50, 160),
(141, 'Mexico', 'Mexican', 'MEX', 'MX', 'Mexico City', 127575529, 1964375, 10, 10),
(142, 'Micronesia (Federated States of)', 'Micronesian', 'FSM', 'FM', 'Palikir', 113815, 702, 40, 50),
(143, 'Moldova, Republic of', 'Moldovan', 'MDA', 'MD', 'Chisinau', 4043263, 33846, 20, 140),
(144, 'Monaco', 'MonÈgasque', 'MCO', 'MC', 'Monaco', 38964, 2.02, 20, 150),
(145, 'Mongolia', 'Mongolian', 'MNG', 'MN', 'Ulaanbaatar', 3225167, 1564110, 30, 60),
(146, 'Montenegro', 'Montenegrin', 'MNE', 'ME', 'Podgorica', 627987, 13812, 20, 70),
(147, 'Montserrat', 'Montserratian', 'MSR', 'MS', 'Plymouth', 4989, 102, 10, 10),
(148, 'Morocco', 'Moroccan', 'MAR', 'MA', 'Rabat', 36471769, 446550, 50, 40),
(149, 'Mozambique', 'Mozambican', 'MOZ', 'MZ', 'Maputo', 30366036, 801590, 50, 160),
(150, 'Myanmar', 'Burmese', 'MMR', 'MM', 'Naypyidaw', 54045420, 676578, 30, 100),
(151, 'Namibia', 'Namibian', 'NAM', 'NA', 'Windhoek', 2494530, 825615, 50, 160),
(152, 'Nauru', 'Nauruan', 'NRU', 'NR', 'Yaren', 10756, 21, 40, 50),
(153, 'Nepal', 'Nepali', 'NPL', 'NP', 'Kathmandu', 28608710, 147181, 30, 30),
(154, 'Netherlands', 'Dutch', 'NLD', 'NL', 'Amsterdam', 17097130, 41850, 20, 150),
(155, 'New Caledonia', 'New Caledonian', 'NCL', 'NC', 'NoumÈa', 282750, 18575, 40, 130),
(156, 'New Zealand', 'New Zealander', 'NZL', 'NZ', 'Wellington', 4783063, 270467, 40, 90),
(157, 'Nicaragua', 'Nicaraguan', 'NIC', 'NI', 'Managua', 6545502, 130373, 10, 10),
(158, 'Niger', 'Nigerien', 'NER', 'NE', 'Niamey', 23310715, 1267000, 50, 160),
(159, 'Nigeria', 'Nigerian', 'NGA', 'NG', 'Abuja', 200963599, 923768, 50, 160),
(160, 'Niue', 'Niuean', 'NIU', 'NU', 'Alofi', 1615, 260, 40, 20),
(161, 'Norfolk Island', 'Norfolk Island', 'NFK', 'NF', 'Kingston', 1748, 35, 40, 90),
(162, "North Korea (Democratic People's Republic of)", 'North Korean', 'PRK', 'KP', 'Pyongyang', 25666161, 120538, 30, 60),
(163, 'North Macedonia', 'Macedonian', 'MKD', 'MK', 'Skopje', 2083459, 25713, 20, 70),
(164, 'Northern Mariana Islands', 'Northern Marianan', 'MNP', 'MP', 'Saipan', 57216, 464, 40, 50),
(165, 'Norway', 'Norwegian', 'NOR', 'NO', 'Oslo', 5378857, 323802, 20, 120),
(166, 'Oman', 'Omani', 'OMN', 'OM', 'Muscat', 4974986, 309500, 30, 170),
(167, 'Pakistan', 'Pakistani', 'PAK', 'PK', 'Islamabad', 216565318, 881912, 30, 30),
(168, 'Palau', 'Palauan', 'PLW', 'PW', 'Ngerulmud', 18008, 459, 40, 50),
(169, 'Palestine, State of', 'Palestinian', 'PSE', 'PS', 'Ramallah', 4981420, 6220, 30, 170),
(170, 'Panama', 'Panamanian', 'PAN', 'PA', 'Panama City', 4246439, 75417, 10, 10),
(171, 'Papua New Guinea', 'Papua New Guinean', 'PNG', 'PG', 'Port Moresby', 8776109, 462840, 40, 130),
(172, 'Paraguay', 'Paraguayan', 'PRY', 'PY', 'AsunciÛn', 7044636, 406752, 10, 10),
(173, 'Peru', 'Peruvian', 'PER', 'PE', 'Lima', 32510453, 1285216, 10, 10),
(174, 'Philippines', 'Filipino', 'PHL', 'PH', 'Manila', 108116615, 342353, 30, 100),
(175, 'Pitcairn', 'Pitcairn Island', 'PCN', 'PN', 'Adamstown', 68, 43, 40, 20),
(176, 'Poland', 'Polish', 'POL', 'PL', 'Warsaw', 37887768, 312679, 20, 140),
(177, 'Portugal', 'Portuguese', 'PRT', 'PT', 'Lisbon', 10226187, 92090, 20, 70),
(178, 'Puerto Rico', 'Puerto Rican', 'PRI', 'PR', 'San Juan', 2933408, 8870, 10, 10),
(179, 'Qatar', 'Qatari', 'QAT', 'QA', 'Doha', 2832067, 11586, 30, 170),
(180, 'Romania', 'Romanian', 'ROU', 'RO', 'Bucharest', 19364557, 238391, 20, 140),
(181, 'Russian Federation', 'Russian', 'RUS', 'RU', 'Moscow', 145872256, 17098242, 20, 140),
(182, 'Rwanda', 'Rwandan', 'RWA', 'RW', 'Kigali', 12626950, 26338, 50, 160),
(183, 'Réunion', 'RÈunionese', 'REU', 'RE', 'Saint-Denis', 888927, 2511, 50, 160),
(184, 'Saint BarthÈlemy', 'BarthÈlemois', 'BLM', 'BL', 'Gustavia', 9847, 21, 10, 10),
(185, 'Saint Helena, Ascension and Tristan da Cunha', 'Ascension and Tristan da Cunha', 'SHN', 'SH', 'Jamestown', 5633, 394, 50, 160),
(186, 'Saint Kitts and Nevis', 'Kittitian or Nevisian', 'KNA', 'KN', 'Basseterre', 52823, 261, 10, 10),
(187, 'Saint Lucia', 'Saint Lucian', 'LCA', 'LC', 'Castries', 182790, 616, 10, 10),
(188, 'Saint Martin (French part)', 'Saint-Martinoise', 'MAF', 'MF', 'Marigot', 38002, 53, 10, 10),
(189, 'Saint Pierre and Miquelon', 'Saint-Pierrais or Miquelonnais', 'SPM', 'PM', 'St. Pierre', 5822, 242, 10, 80),
(190, 'Saint Vincent and the Grenadines', 'Saint Vincentian', 'VCT', 'VC', 'Kingstown', 110589, 389, 10, 10),
(191, 'Samoa', 'Samoan', 'WSM', 'WS', 'Apia', 197097, 2842, 40, 20),
(192, 'San Marino', 'Sammarinese', 'SMR', 'SM', 'San Marino', 33860, 61, 20, 70),
(193, 'Sao Tome and Principe', 'S„o TomÈan', 'STP', 'ST', 'Sao Tome', 215056, 964, 50, 160),
(194, 'Saudi Arabia', 'Saudi', 'SAU', 'SA', 'Riyadh', 34268528, 2149690, 30, 170),
(195, 'Senegal', 'Senegalese', 'SEN', 'SN', 'Dakar', 16296364, 196722, 50, 160),
(196, 'Serbia', 'Serbian', 'SRB', 'RS', 'Belgrade', 8772235, 88361, 20, 70),
(197, 'Seychelles', 'Seychellois', 'SYC', 'SC', 'Victoria', 97739, 452, 50, 160),
(198, 'Sierra Leone', 'Sierra Leonean', 'SLE', 'SL', 'Freetown', 7813215, 71740, 50, 160),
(199, 'Singapore', 'Singaporean', 'SGP', 'SG', 'Singapore', 5804337, 710, 30, 100),
(200, 'Sint Maarten (Dutch part)', 'Sint Maarten', 'SXM', 'SX', 'Philipsburg', 42388, 34, 10, 10),
(201, 'Slovakia', 'Slovak', 'SVK', 'SK', 'Bratislava', 5457013, 49037, 20, 140),
(202, 'Slovenia', 'Slovenian', 'SVN', 'SI', 'Ljubljana', 2078654, 20273, 20, 70),
(203, 'Solomon Islands', 'Solomon Island', 'SLB', 'SB', 'Honiara', 669823, 28896, 40, 130),
(204, 'Somalia', 'Somali', 'SOM', 'SO', 'Mogadishu', 15442905, 637657, 50, 160),
(205, 'South Africa', 'South African', 'ZAF', 'ZA', 'Pretoria', 58558270, 1221037, 50, 160),
(206, 'South Georgia and the South Sandwich Islands', 'South Georgia or South Sandwich Islands', 'SGS', 'GS', 'Grytviken', 30, 3903, 10, 10),
(207, 'South Korea (Republic of)', 'South Korean', 'KOR', 'KR', 'Seoul', 51225308, 100210, 30, 60),
(208, 'South Sudan', 'South Sudanese', 'SSD', 'SS', 'Juba', 11062113, 619745, 50, 160),
(209, 'Spain', 'Spanish', 'ESP', 'ES', 'Madrid', 46736776, 505992, 20, 70),
(210, 'Sri Lanka', 'Sri Lankan', 'LKA', 'LK', 'Sri Jayawardenapura Kotte', 21323733, 65610, 30, 30),
(211, 'Sudan', 'Sudanese', 'SDN', 'SD', 'Khartoum', 42813238, 1886068, 50, 40),
(212, 'Suriname', 'Surinamese', 'SUR', 'SR', 'Paramaribo', 581372, 163820, 10, 10),
(213, 'Svalbard and Jan Mayen', 'Svalbard', 'SJM', 'SJ', 'Longyearbyen', 2667, 61399, 20, 120),
(214, 'Sweden', 'Swedish', 'SWE', 'SE', 'Stockholm', 10036379, 450295, 20, 120),
(215, 'Switzerland', 'Swiss', 'CHE', 'CH', 'Bern', 8591365, 41284, 20, 150),
(216, 'Syrian Arab Republic', 'Syrian', 'SYR', 'SY', 'Damascus', 17070135, 185180, 30, 170),
(217, 'Taiwan (Province of China)', 'Taiwanese', 'TWN', 'TW', 'Taipei', 23773876, 36193, 30, 60),
(218, 'Tajikistan', 'Tajikistani', 'TJK', 'TJ', 'Dushanbe', 9321018, 143100, 30, 110),
(219, 'Tanzania (United Republic of)', 'Tanzanian', 'TZA', 'TZ', 'Dodoma', 58005463, 945087, 50, 160),
(220, 'Thailand', 'Thai', 'THA', 'TH', 'Bangkok', 69625582, 513120, 30, 100),
(221, 'Timor-Leste', 'Timorese', 'TLS', 'TL', 'Dili', 1293119, 14874, 30, 100),
(222, 'Togo', 'Togolese', 'TGO', 'TG', 'LomÈ', 8082366, 56785, 50, 160),
(223, 'Tokelau', 'Tokelauan', 'TKL', 'TK', 'Nukunonu', 1340, 12, 40, 20),
(224, 'Tonga', 'Tongan', 'TON', 'TO', 'Nukuøalofa', 104494, 747, 40, 20),
(225, 'Trinidad and Tobago', 'Trinidadian or Tobagonian', 'TTO', 'TT', 'Port of Spain', 1394973, 5130, 10, 10),
(226, 'Tunisia', 'Tunisian', 'TUN', 'TN', 'Tunis', 11694719, 163610, 50, 40),
(227, 'Turkey', 'Turkish', 'TUR', 'TR', 'Ankara', 83429615, 783562, 30, 170),
(228, 'Turkmenistan', 'Turkmen', 'TKM', 'TM', 'Ashgabat', 5942089, 488100, 30, 110),
(229, 'Turks and Caicos Islands', 'Turks and Caicos Island', 'TCA', 'TC', 'Cockburn Town', 38191, 948, 10, 10),
(230, 'Tuvalu', 'Tuvaluan', 'TUV', 'TV', 'Funafuti', 11646, 26, 40, 20),
(231, 'Uganda', 'Ugandan', 'UGA', 'UG', 'Kampala', 44269594, 241550, 50, 160),
(232, 'Ukraine', 'Ukrainian', 'UKR', 'UA', 'Kiev', 43993638, 603500, 20, 140),
(233, 'United Arab Emirates', 'Emirati', 'ARE', 'AE', 'Abu Dhabi', 9770529, 83600, 30, 170),
(234, 'United Kingdom of Great Britain and Northern Ireland', 'British', 'GBR', 'GB', 'London', 67530172, 242900, 20, 120),
(235, 'United States Minor Outlying Islands', 'American', 'UMI', 'UM', '', 300, 34, 40, 50),
(236, 'United States of America', 'American', 'USA', 'US', 'Washington, D.C.', 329064917, 9372610, 10, 80),
(237, 'Uruguay', 'Uruguayan', 'URY', 'UY', 'Montevideo', 3461734, 181034, 10, 10),
(238, 'Uzbekistan', 'Uzbekistani', 'UZB', 'UZ', 'Tashkent', 32981716, 447400, 30, 110),
(239, 'Vanuatu', 'Ni-Vanuatu', 'VUT', 'VU', 'Port Vila', 299882, 12189, 40, 130),
(240, 'Venezuela (Bolivarian Republic of)', 'Venezuelan', 'VEN', 'VE', 'Caracas', 28515829, 916445, 10, 10),
(241, 'Vietnam', 'Vietnamese', 'VNM', 'VN', 'Hanoi', 96462106, 331212, 30, 100),
(242, 'Virgin Islands (British)', 'British Virgin Island', 'VGB', 'VG', 'Road Town', 30030, 151, 10, 10),
(243, 'Virgin Islands (U.S.)', 'U.S. Virgin Island', 'VIR', 'VI', 'Charlotte Amalie', 104578, 347, 10, 10),
(244, 'Wallis and Futuna', 'Wallis and Futuna', 'WLF', 'WF', 'Mata-Utu', 11432, 142, 40, 20),
(245, 'Western Sahara', 'Sahrawi', 'ESH', 'EH', 'Laâyoune', 582463, 266000, 50, 40),
(246, 'Yemen', 'Yemeni', 'YEM', 'YE', 'Sana\002Ca', 29161922, 527968, 30, 170),
(247, 'Zambia', 'Zambian', 'ZMB', 'ZM', 'Lusaka', 17861030, 752612, 50, 160),
(248, 'Zimbabwe', 'Zimbabwean', 'ZWE', 'ZW', 'Harare', 14645468, 390757, 50, 160),
(249, 'Åland Islands', '≈land Island', 'ALA', 'AX', 'Mariehamn', 29789, 1580, 20, 120);

drop table if exists countries.regions;

create table countries.regions(
id int,
name varchar(255));
 
insert into countries.regions(id,name)
values
(10,'America'),
(20,'Europe'),
(30,'Asia'),
(40,'Oceania'),
(50,'Africa');

create table countries.sub_regions(
id int,
name varchar(255)
);
insert into countries.sub_regions(id,name)
values
(10, 'Latin America and the Caribbean'),
    (20, 'Polynesia'),
    (30, 'Southern Asia'),
    (40, 'Northern Africa'),
    (50, 'Micronesia'),
    (60, 'Eastern Asia'),
    (70, 'Southern Europe'),
    (80, 'Northern America'),
    (90, 'Australia and New Zealand'),
    (100, 'South-eastern Asia'),
    (110, 'Central Asia'),
    (120, 'Northern Europe'),
    (130, 'Melanesia'),
    (140, 'Eastern Europe'),
    (150, 'Western Europe'),
    (160, 'Sub-Saharan Africa'),
    (170, 'Western Asia');
    
select id,name from countries.regions;    
select *,country_id from countries.countries;
SELECT 
    name AS country_name
FROM
    countries.countries;

SELECT 
    country_id,
    name AS 'Country Name',
    capital AS 'Capital City',
    population
FROM
    countries.countries;

-- no need to use alis     
use countries;
select t1.country_id,t1.name
from countries t1;

/*
comment multiline comment
*/
-- another way of using alias
-- databasename table name

select t1.country_id,t1.name

from countries.countries as t1;
select id,name from countries.regions;

SELECT DISTINCT
    region_id, sub_region_id
FROM
    countries.countries;
    -- database.tabelname
/*
select column(s) from table order by asc|desc*/ 

select * from countries.countries order by region_id;  
select * from countries.countries order by region_id desc;
select region_id,country_id from countries.countries
order by region_id,country_id asc;

select region_id,country_id from countries.countries
order by region_id desc,country_id desc;


/*
it will limit will print from 10th column to +10 columns*/
select * from countries.countries limit 10;
select * from countries.countries limit 10,10;
select * from countries.countries limit 20,5;

create  table countries.employees(
empno int,
ename varchar(255),
job varchar(255),
hiredate date,
sal int);
/*
insert into countries.employees
(empno,ename,job,hiredate,sal)
value
(7839,'King','President',1981-11-17,5000),
(7698,'Blake','Manager',1981-05-01,2850),
(7782,'Clark','Manager',1981-06-09,2450),
(7566,'Jones','Manager',1981-04-02,2975),
(7788,'Scott','Analyst',1982-12-09,3000),
(7902,'Ford','Analyst',1981-12-03,3000),
(7369,'Smith','Clerk',1980-12-17,),
*/
INSERT INTO countries.employees (empno, ename,job,hiredate,sal) VALUES
(7839, 'KING', 'PRESIDENT','1981-11-17', 5000),
(7698, 'BLAKE', 'MANAGER', '1981-05-01', 2850),
(7782, 'CLARK', 'MANAGER', '1981-06-09', 2450),
(7566, 'JONES', 'MANAGER', '1981-04-02', 2975),
(7788, 'SCOTT', 'ANALYST', '1982-12-09', 3000),
(7902, 'FORD', 'ANALYST', '1981-12-03', 3000),
(7369, 'SMITH', 'CLERK', '1980-12-17', 800),
(7499, 'ALLEN', 'SALESMAN', '1981-02-20', 1600),
(7521, 'WARD', 'SALESMAN', '1981-02-22', 1250),
(7654, 'MARTIN', 'SALESMAN', '1981-09-28', 1250),
(7844, 'TURNER', 'SALESMAN', '1981-09-08', 1500),
(7876, 'ADAMS', 'CLERK', '1983-01-12', 1100),
(7900, 'JAMES', 'CLERK', '1981-12-03', 950),
(7934, 'MILLER', 'CLERK', '1982-01-23', 1300);

select ename,job,hiredate,sal from countries.employees;

select ename as EMPLOYEE_NAME,job as JOB_TITLE,sal as MONTHLY_SALARY from countries.employees;
select * from countries.employees order by sal  desc limit 5;


select country_id,name as country_name
from countries.countries
order by country_name;
select country_id,name as country_name
from countries.countries
order by name;

/*
create table ss(
column_name type [contraint]


drop table if exists countries.text;
create schema 

drop schema
truncate-->delter content from table
drop -->complete deltere
 

*/
/*
alter table schema.table
some section;
ecamples of actions:
ADD column_name datatype
Drop column column_name
Modify column column_name datatype
RENAME column old_column_name to new_column_name
rename to new_table_name
*/

/*
update table_name
set column_1=value,column2=value
where condition;*/


 update countries.employees
 set ename="sakshi"
 where sal=1300;
 
 select * from countries.employees;
 
 update temp_schema.emp
 set emp_name='bob';
 -- it will chang all emloyee name to bob
 
 /*
 delete from table_name
 where condition;
 */
 delete from temp_schema.emp
 where emp_name="fg";
 
-- delete from temp_schema.emp
 -- delte all content if we dont write condition
 
 create table temp_schema.constraints_demo (
 col_1 integer not null,
 col_2 varchar(255));
 
 insert into temp_schema.constraints_demo(col_1,col_2)
 values
 (1,"kapse"),
 (7,null);
 select * from temp_schema.constraints_demo;
 alter  table temp_schema.constraints_demo
 modify column col_2 varchar(255) not null;
 
 alter table temp_schema.constraints_demo
 modify column col_1 varchar(255) unique;
 
 insert into temp_schema.constraints_demo(col_1,col_2)
 values
 (null,"sakshi");
 -- it is allowed to use null where unique is contraints
 /*
 create table table_name
 (col1 data_type default default_value,
 col2 data_type default default_value,col3 data_type default default_value);
 */
 
 /*
 alter table schema.table
 modify column column data_type,
 default default_value,
 */
 
 create table temp_schema.student(
 stuname varchar(255) not null,
 stuid int default 1);
 
 insert into temp_schema.student(
 stuname)
 values
 ("sakshi");
 
 select * from temp_schema.student;
 
 /*
 create table table_name(
 column1 datatype check(condition i.e expression),
  column2 datatype check(contition));*/
  
  alter table temp_schema.constraints_demo
  drop constraint col_1;
  
  -- using  show table we can identify the  check constaints of table
  show create table temp_schema.constraints_demo;
  
  -- dropping check constrint
  alter table temp_schema.constraints_demo
  drop constraint constraints_demo_chk_1;
 
 create table temp_schema.pk_table(
 col_1 integer,
 col_2 varchar(255),
 primary key(col_1));
 
 drop table temp_schema.pk_table;
  create table temp_schema.fk_table(
 col_1 varchar(255),
 col_2 integer,
 foreign key(col_2)
 references temp_schema.pk_table(col_1));
 
 -- you cannot insert this record until correcponding values isin pk column
 insert into temp_schema.fk_table values('apple',1);
 insert into temp_schema.pk_table values(1,'fruit');
 
 
-- dropping fk
    -- adding pk via alter
    alter table temp_schema.pk_table
    add primary key(col_2);
    
    -- adding fk via alter
    
    alter table temp_schema.fk_table
    add foreign key(col_1) references pk_table(col_1);
    
    create table temp_schema.HR_EMP(
    EMP_NO int ,E_NAME varchar(255),JOB varchar(255),MGR INT,
    HIRE_DATE DATE,SAL DECIMAL(10,2),COMM DECIMAL(10,2),DEPT_NO INT
    );
    
    INSERT INTO temp_schema.HR_EMP(
    EMP_NO,E_NAME,JOB,MGR,HIRE_DATE,SAL,COMM,DEPT_NO)
    VALUES
    (7369, 'SMITH', 'CLERK', 7902, '1980-12-17', 800.00, NULL, 20),
    (7499, 'ALLEN', 'SALESMAN', 7698, '1981-02-20', 1600.00, 300.00, 30),
    (7521, 'WARD', 'SALESMAN', 7698, '1981-02-22', 1250.00, 500.00, 30),
    (7566, 'JONES', 'MANAGER', 7839, '1981-04-02', 2975.00, NULL, 20),
    (7654, 'MARTIN', 'SALESMAN', 7698, '1981-09-28', 1250.00, 1400.00, 30),
    (7698, 'BLAKE', 'MANAGER', 7839, '1981-05-01', 2850.00, NULL, 30),
    (7782, 'CLARK', 'MANAGER', 7839, '1981-06-09', 2450.00, NULL, 10),
    (7788, 'SCOTT', 'ANALYST', 7566, '1982-12-09', 3000.00, NULL, 20),
    (7839, 'KING', 'PRESIDENT', NULL, '1981-11-17', 5000.00, NULL, 10),
    (7844, 'TURNER', 'SALESMAN', 7698, '1981-09-08', 1500.00, 0.00, 30),
    (7876, 'ADAMS', 'CLERK', 7788, '1983-01-12', 1100.00, NULL, 20),
    (7900, 'JAMES', 'CLERK', 7698, '1981-12-03', 950.00, NULL, 30),
    (7902, 'FORD', 'ANALYST', 7566, '1981-12-03', 3000.00, NULL, 20),
    (7934, 'MILLER', 'CLERK', 7782, '1982-01-23', 1300.00, NULL, 10);
    
    
    CREATE TABLE TEMP_SCHEMA.HR_DEPT(
    DEPT_ID INT,
    D_NAME VARCHAR(255),
    LOC VARCHAR(255));
    
    INSERT INTO TEMP_SCHEMA.HR_DEPT(DEPT_ID,D_NAME,LOC)
    VALUES
    (10,'ACCOUNTING','NEW YORK'),
    (20,'RESEARCH','DALLAS'),
    (30,'SALES','CHICAGO'),
    (40,'OPERATIONS','BOSTON');
    USE TEMP_SCHEMA;
    -- IN
    SELECT * FROM TEMP_SCHEMA.HR_EMP WHERE JOB='CLERK' OR JOB='SALESMAN';
    SELECT * FROM TEMP_SCHEMA.HR_EMP WHERE JOB IN('CLERK','SALESMAN');
    
    SELECT * FROM TEMP_SCHEMA.HR_EMP
    WHERE (SAL between 1000 AND 3000
    OR JOB IN ('SALESMAN','CLERK'))
    AND COMM=1400;
    
    
    -- THIS IS EQUVALENT TO USING EQUALITY(=)OPERATOR
    SELECT * FROM COUNTRIES.COUNTRIES WHERE NAME LIKE'Australia';
    -- searches for records where name contains 'British'
  SELECT * FROM COUNTRIES.COUNTRIES WHERE NAME LIKE'%British%';   
    -- searches for records where name contains a comma
     SELECT * FROM COUNTRIES.COUNTRIES WHERE NAME LIKE'%,%';  
    -- searching for 6 character (including whitespaces)names
         SELECT * FROM COUNTRIES.COUNTRIES WHERE NAME LIKE'______';  
         
         select * from countries.countries where population >200000000 order by  population desc;
         select * from temp_schema.hr_emp where comm is not null order by comm ;
         select * from customer_orders.order_items where unit_price>49 and QUANTITY>4;
    
    select * from countries.countries where(( population between 100000000 and 200000000) or area_km2>5000000 )and name not like '% %';
    
    select countries.countries.name from countries.countries where name  not like '% %';
    
 --    create  table temp_schema.sales_people(
--     emp_no int ,
--     e_name varchar(255),
--     job varchar(255),
--     mgr varchar(255),
--     hire_date date,
--     total_pay int,
--     dept_no int);
    drop table temp_schema.sales_people;
    -- insert into temp_schema.sales_people(emp_no,e_name,
--     job,mgr,hire_date,total_pay,dept_no)values 
--     (),
--     ();
--     where job==

create table temp_schema.sales_people as select * from temp_schema.hr_emp;
select * from temp_schema.sales_people ;

alter table temp_schema.sales_people 
add column total_pay int;

update temp_schema.sales_people
set total_pay=sal+ifnull(comm,0);


alter table temp_schema.sales_people
drop column sal;
alter table temp_schema.sales_people
drop column comm;

update temp_schema.sales_people
set job='seniorsalesman';

select * from booklist.bookdetail;
where job='salesman' and total_pay>2000;
select * from temp_schema.sales_people;